De Anza College,5:24A,-122.045055,37.31954
De Anza College,5:54A,-122.045055,37.31954
De Anza College,6:11A,-122.045055,37.31954
De Anza College,6:26A,-122.045055,37.31954
De Anza College,6:37A,-122.045055,37.31954
De Anza College,6:47A,-122.045055,37.31954
De Anza College,6:56A,-122.045055,37.31954
De Anza College,7:07A,-122.045055,37.31954
De Anza College,7:18A,-122.045055,37.31954
De Anza College,7:30A,-122.045055,37.31954
De Anza College,7:41A,-122.045055,37.31954
De Anza College,7:53A,-122.045055,37.31954
De Anza College,8:05A,-122.045055,37.31954
De Anza College,8:15A,-122.045055,37.31954
De Anza College,8:27A,-122.045055,37.31954
De Anza College,8:39A,-122.045055,37.31954
De Anza College,8:51A,-122.045055,37.31954
De Anza College,9:04A,-122.045055,37.31954
De Anza College,9:16A,-122.045055,37.31954
De Anza College,9:28A,-122.045055,37.31954
De Anza College,5:25P,-122.045055,37.31954
De Anza College,5:39P,-122.045055,37.31954
De Anza College,5:52P,-122.045055,37.31954
De Anza College,6:07P,-122.045055,37.31954
De Anza College,6:19P,-122.045055,37.31954
De Anza College,6:33P,-122.045055,37.31954
De Anza College,6:49P,-122.045055,37.31954
De Anza College,7:06P,-122.045055,37.31954
De Anza College,7:19P,-122.045055,37.31954
De Anza College,7:37P,-122.045055,37.31954
De Anza College,7:57P,-122.045055,37.31954
De Anza College,8:17P,-122.045055,37.31954
De Anza College,8:38P,-122.045055,37.31954
De Anza College,8:58P,-122.045055,37.31954
De Anza College,9:19P,-122.045055,37.31954
De Anza College,9:43P,-122.045055,37.31954
De Anza College,10:13P,-122.045055,37.31954
De Anza College,11:19P,-122.045055,37.31954
Stevens Creek and Wolfe,9:48A,-122.014295,37.322895
Stevens Creek and Wolfe,9:51A,-122.014295,37.322895
Stevens Creek and Wolfe,10:03A,-122.014295,37.322895
Stevens Creek and Wolfe,10:15A,-122.014295,37.322895
Stevens Creek and Wolfe,10:25A,-122.014295,37.322895
Stevens Creek and Wolfe,10:37A,-122.014295,37.322895
Stevens Creek and Wolfe,10:49A,-122.014295,37.322895
Stevens Creek and Wolfe,11:01A,-122.014295,37.322895
Stevens Creek and Wolfe,11:13A,-122.014295,37.322895
Stevens Creek and Wolfe,11:24A,-122.014295,37.322895
Stevens Creek and Wolfe,11:36A,-122.014295,37.322895
Stevens Creek and Wolfe,11:48A,-122.014295,37.322895
Stevens Creek and Wolfe,11:58A,-122.014295,37.322895
Stevens Creek and Wolfe,12:10P,-122.014295,37.322895
Stevens Creek and Wolfe,12:21P,-122.014295,37.322895
Stevens Creek and Wolfe,12:32P,-122.014295,37.322895
Stevens Creek and Wolfe,12:44P,-122.014295,37.322895
Stevens Creek and Wolfe,12:57P,-122.014295,37.322895
Stevens Creek and Wolfe,1:08P,-122.014295,37.322895
Stevens Creek and Wolfe,1:20P,-122.014295,37.322895
Santa Clara and 1st,10:42A,-121.890626,37.336155
Santa Clara and 1st,10:54A,-121.890626,37.336155
Santa Clara and 1st,11:06A,-121.890626,37.336155
Santa Clara and 1st,11:18A,-121.890626,37.336155
Santa Clara and 1st,11:30A,-121.890626,37.336155
Santa Clara and 1st,11:42A,-121.890626,37.336155
Santa Clara and 1st,11:54A,-121.890626,37.336155
Santa Clara and 1st,12:06P,-121.890626,37.336155
Santa Clara and 1st,12:18P,-121.890626,37.336155
Santa Clara and 1st,12:30P,-121.890626,37.336155
Santa Clara and 1st,12:42P,-121.890626,37.336155
Santa Clara and 1st,12:54P,-121.890626,37.336155
Santa Clara and 1st,1:06P,-121.890626,37.336155
Santa Clara and 1st,1:18P,-121.890626,37.336155
Santa Clara and 1st,1:30P,-121.890626,37.336155
Santa Clara and 1st,1:42P,-121.890626,37.336155
Santa Clara and 1st,1:54P,-121.890626,37.336155
Santa Clara and 1st,2:06P,-121.890626,37.336155
Santa Clara and 1st,2:18P,-121.890626,37.336155
Santa Clara and 1st,6:43P,-121.890626,37.336155
Santa Clara and 1st,6:54P,-121.890626,37.336155
Santa Clara and 1st,7:06P,-121.890626,37.336155
Santa Clara and 1st,7:18P,-121.890626,37.336155
Santa Clara and 1st,7:30P,-121.890626,37.336155
Santa Clara and 1st,7:43P,-121.890626,37.336155
Santa Clara and 1st,7:56P,-121.890626,37.336155
Santa Clara and 1st,8:09P,-121.890626,37.336155
Santa Clara and 1st,8:24P,-121.890626,37.336155
Santa Clara and 1st,8:43P,-121.890626,37.336155
Santa Clara and 1st,9:02P,-121.890626,37.336155
Santa Clara and 1st,9:22P,-121.890626,37.336155
Santa Clara and 1st,9:42P,-121.890626,37.336155
Santa Clara and 1st,10:02P,-121.890626,37.336155
Santa Clara and 1st,10:24P,-121.890626,37.336155
Santa Clara and 1st,10:54P,-121.890626,37.336155
Santa Clara and 1st,11:56P,-121.890626,37.336155
Santa Clara and 1st,12:41A,-121.890626,37.336155
Alum Rock Transit Center,6:53A,-121.850568,37.355863
Alum Rock Transit Center,7:12A,-121.850568,37.355863
Alum Rock Transit Center,7:29A,-121.850568,37.355863
Alum Rock Transit Center,7:41A,-121.850568,37.355863
Alum Rock Transit Center,7:53A,-121.850568,37.355863
Alum Rock Transit Center,8:05A,-121.850568,37.355863
Alum Rock Transit Center,8:17A,-121.850568,37.355863
Alum Rock Transit Center,8:29A,-121.850568,37.355863
Alum Rock Transit Center,8:41A,-121.850568,37.355863
Alum Rock Transit Center,8:53A,-121.850568,37.355863
Alum Rock Transit Center,9:07A,-121.850568,37.355863
Alum Rock Transit Center,9:20A,-121.850568,37.355863
Alum Rock Transit Center,9:32A,-121.850568,37.355863
Alum Rock Transit Center,9:44A,-121.850568,37.355863
Alum Rock Transit Center,9:56A,-121.850568,37.355863
Alum Rock Transit Center,10:08A,-121.850568,37.355863
Alum Rock Transit Center,10:21A,-121.850568,37.355863
Alum Rock Transit Center,10:32A,-121.850568,37.355863
Alum Rock Transit Center,10:44A,-121.850568,37.355863
Alum Rock Transit Center,7:10P,-121.850568,37.355863
Alum Rock Transit Center,7:21P,-121.850568,37.355863
Alum Rock Transit Center,7:31P,-121.850568,37.355863
Alum Rock Transit Center,7:43P,-121.850568,37.355863
Alum Rock Transit Center,7:54P,-121.850568,37.355863
Alum Rock Transit Center,8:07P,-121.850568,37.355863
Alum Rock Transit Center,8:20P,-121.850568,37.355863
Alum Rock Transit Center,8:33P,-121.850568,37.355863
Alum Rock Transit Center,8:48P,-121.850568,37.355863
Alum Rock Transit Center,9:06P,-121.850568,37.355863
Alum Rock Transit Center,9:25P,-121.850568,37.355863
Alum Rock Transit Center,9:45P,-121.850568,37.355863
Alum Rock Transit Center,10:05P,-121.850568,37.355863
Alum Rock Transit Center,10:22P,-121.850568,37.355863
Alum Rock Transit Center,10:49P,-121.850568,37.355863
Alum Rock Transit Center,11:19P,-121.850568,37.355863
Alum Rock Transit Center,12:20A,-121.850568,37.355863
Alum Rock Transit Center,1:05A,-121.850568,37.355863
Saich and Stevens Creek,9:02A,-122.037282,37.322984
Williams and Winchester,9:31A,-121.96839,37.308347
Tamien Light Rail Station,10:02A,-121.918866,37.354611
Story and King,10:23A,-121.843121,37.33981
Alum Rock Transit Center,10:42A,-121.850568,37.355863
Mountain View Station,6:28A,-122.076644,37.393771
Palo Alto Transit Center,7:02A,-122.165174,37.443425
Stanford Shopping Center,7:46A,-122.171446,37.443032
West Valley College,1:17P,-122.010895,37.264068
Camden and Union,1:40P,-121.931838,37.262254
Capitol Light Rail Station,2:00P,-121.860802,37.274348
Santa Theresa Light Rail Station,1:54P,-121.782228,37.231816
Alum Rock,3:11P,-121.850568,37.355863
Winchester Station,8:18A,-121.952999,37.277003
Mountain View Station,9:27A,-122.076644,37.393771
Richmond,2:00P,-122.353174,37.936833
Milbrae,3:00P,-122.3875,37.600377
Fremont,2:15P,-121.976762,37.557385
Richmond,3:15P,-122.353174,37.936833
Fremont,6:56A,-121.976762,37.557385
Daly City,8:20P,-122.452385,37.690456
Pittsburg/Baypointe,3:45P,-121.945624,38.015514
SFO-Milbrae,4:32P,-122.3875,37.600377
Dublin/Pleasanton,7:12A,-121.89678,37.700654
Daly City,8:03A,-122.452385,37.690456
Coliseum,7:29A,-122.19689,37.75367
Oakland International Airport,7:45A,-122.295158,37.804819
San Jose Diridon Station,9:04A,-121.902547,37.329609
Stockton,10:13A,-121.278891,37.957026
San Jose Diridon Station,4:30P,-122.295158,37.804819
San Francisco,6:03P,-122.394706,37.776665
